URL,Phones,Emails
https://www.tdlr.texas.gov/acr/contractor-apply.htm,99 (800) 803-9202; 11 (800) 803-9202,
https://accontractors.com/,,
https://www.tdlr.texas.gov/acr/,99 (800) 803-9202,
https://www.reddit.com/r/HVAC/comments/117o62d/looking_to_get_my_ac_contractors_license_here_in/,,
https://texashvacprepcoursewebinar.com/step-by-step-instructions-to-get-your-hvac-license/,,
https://www.fortworthtexas.gov/departments/development-services/permits/contractor-registration,,
http://www.friscotexas.gov/1521/Contractor-Registration-Information,,bicsr@friscotexas.gov
https://www.mckinneytexas.org/257/Contractor-Registration,,
https://www.tacca.org/,,
https://austincareerinstitute.edu/blog/hvac/how-to-start-your-own-hvac-business/,,contact@austincareerinstitute.edu
